"Data Source","World Development Indicators",

"Last Updated Date","2022-09-16",

"Country Name","Country Code","Indicator Name","Indicator Code","1960","1961","1962","1963","1964","1965","1966","1967","1968","1969","1970","1971","1972","1973","1974","1975","1976","1977","1978","1979","1980","1981","1982","1983","1984","1985","1986","1987","1988","1989","1990","1991","1992","1993","1994","1995","1996","1997","1998","1999","2000","2001","2002","2003","2004","2005","2006","2007","2008","2009","2010","2011","2012","2013","2014","2015","2016","2017","2018","2019","2020","2021",
"Aruba","ABW","Commercial bank branches (per 100,000 adults)","FB.CBK.BRCH.P5","","","","","","","","","","","","","","","","","","","","","","","","","","","","","","","","","","","","","","","","","","","","","","","","","","","","20.96","21.96","19.29","19.06","18.86","19.83","18.51","17.24","14.84","11.34","",
"Africa Eastern and Southern","AFE","Commercial bank branches (per 100,000 adults)","FB.CBK.BRCH.P5","","","","","","","","","","","","","","","","","","","","","","","","","","","","","","","","","","","","","","","","","","","","","2.4","2.275","2.23","2.395","2.99","2.94","3.38","3.62","3.85","4.225","4.475","4.8","4.81","4.92","4.62","4.1","4.59","",
"Afghanistan","AFG","Commercial bank branches (per 100,000 adults)","FB.CBK.BRCH.P5","","","","","","","","","","","","","","","","","","","","","","","","","","","","","","","","","","","","","","","","","","","","","0.37","0.58","0.92","1.24","1.48","2.23","2.39","2.22","2.13","2.25","2.3","2.16","2.11","2.04","1.96","1.87","","",
"Africa Western and Central","AFW","Commercial bank branches (per 100,000 adults)","FB.CBK.BRCH.P5","","","","","","","","","","","","","","","","","","","","","","","","","","","","","","","","","","","","","","","","","","","","","1.12","1.205","1.34","1.715","2.235","2.775","3.355","3.52","3.68","3.855","3.74","3.7","3.735","4.04","4.3","4.78","4.45","",
"Angola","AGO","Commercial bank branches (per 100,000 adults)","FB.CBK.BRCH.P5","","","","","","","","","","","","","","","","","","","","","","","","","","","","","","","","","","","","","","","","","","","","","1.81","2.24","3.38","3.87","4.65","5.22","7.41","8.37","9.04","10.15","10.19","10.44","10.29","10.29","9.49","9.44","8.75","",
"Albania","ALB","Commercial bank branches (per 100,000 adults)","FB.CBK.BRCH.P5","","","","","","","","","","","","","","","","","","","","","","","","","","","","","","","","","","","","","","","","","","","","","9.68","11.7","13.83","18.61","23.5","24.01","24.13","24.11","24.06","23.49","22.07","22.02","21.68","20.72","19.54","18.71","18.61","",
"Andorra","AND","Commercial bank branches (per 100,000 adults)","FB.CBK.BRCH.P5","","","","","","","","","","","","","","","","","","","","","","","","","","","","","","","","","","","","","","","","","","","","","","","","","","","","","","","","","","","","","","",
"Arab World","ARB","Commercial bank branches (per 100,000 adults)","FB.CBK.BRCH.P5","","","","","","","","","","","","","","","","","","","","","","","","","","","","","","","","","","","","","","","","","","","","","8.785","8.775","10.64","10.01","10.55","10.86","10.845","10.965","11","11.025","11.75","11.3","11.955","11.375","11.14","12.08","12.22","",
"United Arab Emirates","ARE","Commercial bank branches (per 100,000 adults)","FB.CBK.BRCH.P5","","","","","","","","","","","","","","","","","","","","","","","","","","","","","","","","","","","","","","","","","","","","","15.07","13.32","12.61","12.16","12.31","11.82","11.69","11.67","11.96","12.39","12.75","12.79","12.37","11.27","10.74","9.53","7.98","",
"Argentina","ARG","Commercial bank branches (per 100,000 adults)","FB.CBK.BRCH.P5","","","","","","","","","","","","","","","","","","","","","","","","","","","","","","","","","","","","","","","","","","","","","13.43","13.24","13.24","13.19","13.12","12.99","13.04","13.14","13.22","13.25","13.23","13.26","13.45","13.54","13.49","13.45","13.21","",
"Armenia","ARM","Commercial bank branches (per 100,000 adults)","FB.CBK.BRCH.P5","","","","","","","","","","","","","","","","","","","","","","","","","","","","","","","","","","","","","","","","","","","","","10.84","12.3","13.68","15.81","17.31","17.79","18.56","19.98","21.28","21.74","22.71","23.4","23.11","23.14","23.61","24.24","24.55","",
"American Samoa","ASM","Commercial bank branches (per 100,000 adults)","FB.CBK.BRCH.P5","","","","","","","","","","","","","","","","","","","","","","","","","","","","","","","","","","","","","","","","","","","","","","","","","","","","","","","","","","","","","","",
"Antigua and Barbuda","ATG","Commercial bank branches (per 100,000 adults)","FB.CBK.BRCH.P5","","","","","","","","","","","","","","","","","","","","","","","","","","","","","","","","","","","","","","","","","","","","","","","","","","38.35","37.54","35.4","34.77","34.18","30.82","28.99","25.91","25.6","23.99","23.75","20.91","",
"Australia","AUS","Commercial bank branches (per 100,000 adults)","FB.CBK.BRCH.P5","","","","","","","","","","","","","","","","","","","","","","","","","","","","","","","","","","","","","","","","","","","","","30.67","30.65","31.24","31.67","31.57","31.22","30.75","30.41","30.94","30.14","29.16","28.75","27.74","29.63","28.22","26.43","25.43","",
"Austria","AUT","Commercial bank branches (per 100,000 adults)","FB.CBK.BRCH.P5","","","","","","","","","","","","","","","","","","","","","","","","","","","","","","","","","","","","","","","","","","","","","13.93","13.32","13.09","12.88","12.57","11.77","11.29","15.13","15.97","15.54","14.83","13.8","12.66","12.06","11.94","11.87","7.42","",
"Azerbaijan","AZE","Commercial bank branches (per 100,000 adults)","FB.CBK.BRCH.P5","","","","","","","","","","","","","","","","","","","","","","","","","","","","","","","","","","","","","","","","","","","","","6.52","6.75","7.33","8.21","9.19","9.79","9.86","10","9.69","10.2","10.82","10.66","","","7.06","7.02","6.22","",
"Burundi","BDI","Commercial bank branches (per 100,000 adults)","FB.CBK.BRCH.P5","","","","","","","","","","","","","","","","","","","","","","","","","","","","","","","","","","","","","","","","","","","","","1.6","1.64","1.77","1.89","1.93","2.09","2.33","2.54","2.77","3.28","3.2","3.23","3.22","","","","","",
"Belgium","BEL","Commercial bank branches (per 100,000 adults)","FB.CBK.BRCH.P5","","","","","","","","","","","","","","","","","","","","","","","","","","","","","","","","","","","","","","","","","","","","","57.28","53.77","53.51","51.44","49.74","48","45.05","43.5","42.53","41.46","39.88","38.55","36.55","34.79","32.39","29.64","","",
"Benin","BEN","Commercial bank branches (per 100,000 adults)","FB.CBK.BRCH.P5","","","","","","","","","","","","","","","","","","","","","","","","","","","","","","","","","","","","","","","","","","","","","0.96","1.1","1.64","2.04","2.45","2.84","3.06","3.29","3.28","3.36","3.46","3.65","3.62","3.37","3.27","3.94","3.42","",
"Burkina Faso","BFA","Commercial bank branches (per 100,000 adults)","FB.CBK.BRCH.P5","","","","","","","","","","","","","","","","","","","","","","","","","","","","","","","","","","","","","","","","","","","","","1.16","1.3","1.22","1.51","1.68","1.83","1.94","2.11","2.16","2.34","2.78","2.91","2.89","2.86","2.83","3.08","2.82","",
"Bangladesh","BGD","Commercial bank branches (per 100,000 adults)","FB.CBK.BRCH.P5","","","","","","","","","","","","","","","","","","","","","","","","","","","","","","","","","","","","","","","","","","","","","7.12","7.07","7.1","7.13","7.18","7.4","7.66","7.87","8.08","8.25","8.45","8.61","8.71","8.82","8.94","9","8.99","",
"Bulgaria","BGR","Commercial bank branches (per 100,000 adults)","FB.CBK.BRCH.P5","","","","","","","","","","","","","","","","","","","","","","","","","","","","","","","","","","","","","","","","","","","","","84.93","85.44","84.53","88.37","92.34","92.26","91.9","60.02","61.36","60.78","60.4","60.32","48.52","51.01","52.8","57.89","60.25","",
"Bahrain","BHR","Commercial bank branches (per 100,000 adults)","FB.CBK.BRCH.P5","","","","","","","","","","","","","","","","","","","","","","","","","","","","","","","","","","","","","","","","","","","","","","","","","","","","","","","","","","","","","","",
"Bahamas, The","BHS","Commercial bank branches (per 100,000 adults)","FB.CBK.BRCH.P5","","","","","","","","","","","","","","","","","","","","","","","","","","","","","","","","","","","","","","","","","","","","","","","","42.2","41.33","39.31","38.92","38.17","37.83","36.77","36.12","31.99","31.76","27.85","28.1","24.38","24.65","",
"Bosnia and Herzegovina","BIH","Commercial bank branches (per 100,000 adults)","FB.CBK.BRCH.P5","","","","","","","","","","","","","","","","","","","","","","","","","","","","","","","","","","","","","","","","","","","","","","27.49","28.29","31.81","33.91","32.29","31.51","32.44","32.24","33.19","34.35","31.65","30.3","30.47","30.53","30.01","29.92","",
"Belarus","BLR","Commercial bank branches (per 100,000 adults)","FB.CBK.BRCH.P5","","","","","","","","","","","","","","","","","","","","","","","","","","","","","","","","","","","","","","","","","","","","","6.096447","5.799036","5.567515","4.875529","4.390215","3.667875","3.192415","2.098577","1.707225","1.562742","1.203652","0.8921416","0.8566219","0.7840065","","","","",
"Belize","BLZ","Commercial bank branches (per 100,000 adults)","FB.CBK.BRCH.P5","","","","","","","","","","","","","","","","","","","","","","","","","","","","","","","","","","","","","","","","","","","","","25.64","25.38","23.35","26.26","26.88","25.94","25.04","24.18","23.38","23.93","23.17","20.81","20.22","19.64","19.1","18.59","18.12","",
"Bermuda","BMU","Commercial bank branches (per 100,000 adults)","FB.CBK.BRCH.P5","","","","","","","","","","","","","","","","","","","","","","","","","","","","","","","","","","","","","","","","","","","","","","","","","","","","","","","","","","","","","","",
"Bolivia","BOL","Commercial bank branches (per 100,000 adults)","FB.CBK.BRCH.P5","","","","","","","","","","","","","","","","","","","","","","","","","","","","","","","","","","","","","","","","","","","","","4.39","4.98","5.61","15.43","16.01","18.12","20.28","23.9","25.41","28.78","32.13","34.49","38.44","40.69","40.61","44.85","68.81","",
"Brazil","BRA","Commercial bank branches (per 100,000 adults)","FB.CBK.BRCH.P5","","","","","","","","","","","","","","","","","","","","","","","","","","","","","","","","","","","","","","","","","","","","","18.83","18.73","18.56","18.62","19.19","19.19","18.67","19.19","20.41","20.53","21.24","20.85","20.34","19.51","18.98","18.7","17.88","",
"Barbados","BRB","Commercial bank branches (per 100,000 adults)","FB.CBK.BRCH.P5","","","","","","","","","","","","","","","","","","","","","","","","","","","","","","","","","","","","","","","","","","","","","","","19.01","19.33","19.21","18.65","18.55","19.75","20.5","19.09","20.7","15.87","16.21","16.97","16.88","15.54","14.63","",
"Brunei Darussalam","BRN","Commercial bank branches (per 100,000 adults)","FB.CBK.BRCH.P5","","","","","","","","","","","","","","","","","","","","","","","","","","","","","","","","","","","","","","","","","","","","","20.98","25.81","23.1","22.68","23","23.68","23.28","23.17","22.75","23.02","20.36","20.95","19.72","18.48","17.26","17.6","","",
"Bhutan","BTN","Commercial bank branches (per 100,000 adults)","FB.CBK.BRCH.P5","","","","","","","","","","","","","","","","","","","","","","","","","","","","","","","","","","","","","","","","","","","","","14.45","14.01","13.66","13.35","13.5","13.65","15.26","17.4","13.35","17.19","16.62","16.46","16.49","18.36","18.39","19.31","","",
"Botswana","BWA","Commercial bank branches (per 100,000 adults)","FB.CBK.BRCH.P5","","","","","","","","","","","","","","","","","","","","","","","","","","","","","","","","","","","","","","","","","","","","","7","6.65","7","7.98","8.9","8.85","9.21","8.84","8.96","9.24","9.49","8.84","9.08","8.37","9.29","9.37","9","",
"Central African Republic","CAF","Commercial bank branches (per 100,000 adults)","FB.CBK.BRCH.P5","","","","","","","","","","","","","","","","","","","","","","","","","","","","","","","","","","","","","","","","","","","","","0.31","0.31","0.3","0.51","0.54","0.78","0.9","0.94","0.98","1.06","0.98","0.69","0.68","0.71","","","","",
"Canada","CAN","Commercial bank branches (per 100,000 adults)","FB.CBK.BRCH.P5","","","","","","","","","","","","","","","","","","","","","","","","","","","","","","","","","","","","","","","","","","","","","","","24.58","24.67","24.62","24.19","24.06","24.19","24.31","23.32","23.14","22.84","22.25","20.75","20.13","19.73","20.17","",
"Central Europe and the Baltics","CEB","Commercial bank branches (per 100,000 adults)","FB.CBK.BRCH.P5","","","","","","","","","","","","","","","","","","","","","","","","","","","","","","","","","","","","","","","","","","","","","25.92","26.15","27.785","29.82","32.75","32.94","32.19","32.57","26.63","26.89","27.98","28.26","28.02","26.68","25.58","23.66","23.32","",
"Switzerland","CHE","Commercial bank branches (per 100,000 adults)","FB.CBK.BRCH.P5","","","","","","","","","","","","","","","","","","","","","","","","","","","","","","","","","","","","","","","","","","","","","57.36","56.8","55.62","55.28","53.95","52.68","51.77","50.25","48.88","47.45","46.03","44.35","42.46","40.83","39.52","38.36","37.03","",
"Channel Islands","CHI","Commercial bank branches (per 100,000 adults)","FB.CBK.BRCH.P5","","","","","","","","","","","","","","","","","","","","","","","","","","","","","","","","","","","","","","","","","","","","","","","","","","","","","","","","","","","","","","",
"Chile","CHL","Commercial bank branches (per 100,000 adults)","FB.CBK.BRCH.P5","","","","","","","","","","","","","","","","","","","","","","","","","","","","","","","","","","","","","","","","","","","","","14.93","15.39","16.62","17.18","17.36","16.96","17.36","17.26","17.18","17.02","16.8","16.09","15.72","14.8","13.97","13.05","12.31","",
"China","CHN","Commercial bank branches (per 100,000 adults)","FB.CBK.BRCH.P5","","","","","","","","","","","","","","","","","","","","","","","","","","","","","","","","","","","","","","","","","","","","","","","","","","","","","7.76","7.83","8.06","8.53","8.81","8.81","8.88","8.86","8.79","",
"Cote d'Ivoire","CIV","Commercial bank branches (per 100,000 adults)","FB.CBK.BRCH.P5","","","","","","","","","","","","","","","","","","","","","","","","","","","","","","","","","","","","","","","","","","","","","1.38","1.46","1.58","1.83","2.45","2.71","4.29","4.31","4.53","4.46","4.63","4.92","5.05","5.19","5.06","5.02","4.9","",
"Cameroon","CMR","Commercial bank branches (per 100,000 adults)","FB.CBK.BRCH.P5","","","","","","","","","","","","","","","","","","","","","","","","","","","","","","","","","","","","","","","","","","","","","0.48","1","1.08","1.13","1.21","1.3","1.69","1.73","1.83","1.96","1.98","2.06","2.03","1.9","2.2","2.15","2.15","",
"Congo, Dem. Rep.","COD","Commercial bank branches (per 100,000 adults)","FB.CBK.BRCH.P5","","","","","","","","","","","","","","","","","","","","","","","","","","","","","","","","","","","","","","","","","","","","","0.46","0.45","0.45","0.48","0.47","0.48","0.6","0.61","0.69","0.65","0.79","1.03","0.84","0.87","0.89","0.67","","",
"Congo, Rep.","COG","Commercial bank branches (per 100,000 adults)","FB.CBK.BRCH.P5","","","","","","","","","","","","","","","","","","","","","","","","","","","","","","","","","","","","","","","","","","","","","0.69","0.66","0.64","1.42","1.71","1.74","2.08","2.54","2.71","3.32","3.58","3.7","3.85","4.04","","","","",
"Colombia","COL","Commercial bank branches (per 100,000 adults)","FB.CBK.BRCH.P5","","","","","","","","","","","","","","","","","","","","","","","","","","","","","","","","","","","","","","","","","","","","","","","","","14.03","13.96","13.79","14.76","15.05","15.66","15.65","16.2","15.95","15.37","14.86","14.48","13.5","",
"Comoros","COM","Commercial bank branches (per 100,000 adults)","FB.CBK.BRCH.P5","","","","","","","","","","","","","","","","","","","","","","","","","","","","","","","","","","","","","","","","","","","","","0.58","0.57","0.55","1.07","1.04","1.26","1.23","2.15","2.33","2.49","2.87","2.79","3.14","3.06","3.18","3.68","3.58","",
"Cabo Verde","CPV","Commercial bank branches (per 100,000 adults)","FB.CBK.BRCH.P5","","","","","","","","","","","","","","","","","","","","","","","","","","","","","","","","","","","","","","","","","","","","","16.46","16.62","18.48","21.51","25.94","28.3","31.19","30.47","34.15","34.09","33.77","33.73","33.42","31.26","32.53","32","31.01","",
"Costa Rica","CRI","Commercial bank branches (per 100,000 adults)","FB.CBK.BRCH.P5","","","","","","","","","","","","","","","","","","","","","","","","","","","","","","","","","","","","","","","","","","","","","16.12","18.01","18.59","20.7","20.41","19.99","20.06","22.87","22.8","22.33","22.09","22.1","21.57","20.53","19.68","18.95","17.18","",
"Caribbean small states","CSS","Commercial bank branches (per 100,000 adults)","FB.CBK.BRCH.P5","","","","","","","","","","","","","","","","","","","","","","","","","","","","","","","","","","","","","","","","","","","","","9.785","9.59","9.655","9.73","9.81","9.645","9.815","9.285","9.295","9.055","9.17","9.03","8.97","9.38","9.05","8.995","8.76","",
"Cuba","CUB","Commercial bank branches (per 100,000 adults)","FB.CBK.BRCH.P5","","","","","","","","","","","","","","","","","","","","","","","","","","","","","","","","","","","","","","","","","","","","","","","","","","","","","","","","","","","","","","",
"Curacao","CUW","Commercial bank branches (per 100,000 adults)","FB.CBK.BRCH.P5","","","","","","","","","","","","","","","","","","","","","","","","","","","","","","","","","","","","","","","","","","","","","","","","","","","","","","","","","","","","","","",
"Cayman Islands","CYM","Commercial bank branches (per 100,000 adults)","FB.CBK.BRCH.P5","","","","","","","","","","","","","","","","","","","","","","","","","","","","","","","","","","","","","","","","","","","","","","","","","","","","","","","","","","","","","","",
"Cyprus","CYP","Commercial bank branches (per 100,000 adults)","FB.CBK.BRCH.P5","","","","","","","","","","","","","","","","","","","","","","","","","","","","","","","","","","","","","","","","","","","","","67.5","62.76","60.77","60.69","61.18","60.28","57.98","55.57","52.15","39.28","37.87","36.17","34.34","50.46","42.24","35.76","30.88","",
"Czech Republic","CZE","Commercial bank branches (per 100,000 adults)","FB.CBK.BRCH.P5","","","","","","","","","","","","","","","","","","","","","","","","","","","","","","","","","","","","","","","","","","","","","21","21.37","21.89","21.59","22.81","22.74","22.61","23.29","23.83","24.29","24.21","23.68","22.36","21.28","21.26","20.57","18.3","",
"Germany","DEU","Commercial bank branches (per 100,000 adults)","FB.CBK.BRCH.P5","","","","","","","","","","","","","","","","","","","","","","","","","","","","","","","","","","","","","","","","","","","","","21.3","20.21","16.7","16.32","16.33","15.87","15.71","15.86","14.19","14.91","14.56","14.06","13.55","12.95","11.17","10.97","9.37","",
"Djibouti","DJI","Commercial bank branches (per 100,000 adults)","FB.CBK.BRCH.P5","","","","","","","","","","","","","","","","","","","","","","","","","","","","","","","","","","","","","","","","","","","","","2.11","2.06","2.39","2.31","2.99","3.45","4.24","4.83","5.06","4.78","5.32","5.99","5.87","7.26","7.85","9.43","8.54","",
"Dominica","DMA","Commercial bank branches (per 100,000 adults)","FB.CBK.BRCH.P5","","","","","","","","","","","","","","","","","","","","","","","","","","","","","","","","","","","","","","","","","","","","","21.78","21.7","21.65","21.61","21.57","21.52","21.46","21.37","21.28","21.17","19.31","19.21","17.37","15.55","15.51","15.42","15.42","",
"Denmark","DNK","Commercial bank branches (per 100,000 adults)","FB.CBK.BRCH.P5","","","","","","","","","","","","","","","","","","","","","","","","","","","","","","","","","","","","","","","","","","","","","50.08","50.2","50.52","51.86","50.45","45.8","40.86","38.73","34.08","30.01","27.79","24.69","24.05","20.71","20.85","20","18.66","",
"Dominican Republic","DOM","Commercial bank branches (per 100,000 adults)","FB.CBK.BRCH.P5","","","","","","","","","","","","","","","","","","","","","","","","","","","","","","","","","","","","","","","","","","","","","10.05","10.02","10","10.01","10.13","10.29","10.32","10.75","10.57","11.75","11.66","12.67","12.7","12.77","12.56","12.33","11.71","",
"Algeria","DZA","Commercial bank branches (per 100,000 adults)","FB.CBK.BRCH.P5","","","","","","","","","","","","","","","","","","","","","","","","","","","","","","","","","","","","","","","","","","","","","4.73","4.72","4.95","5.06","5.24","5.17","5.06","5.18","5.23","5.22","5.21","5.26","5.25","5.22","5.22","5.24","5.26","",
"East Asia & Pacific (excluding high income)","EAP","Commercial bank branches (per 100,000 adults)","FB.CBK.BRCH.P5","","","","","","","","","","","","","","","","","","","","","","","","","","","","","","","","","","","","","","","","","","","","","7.75","8","5.72","5.97","3.26","3.96","4.12","4.28","6.125","6.325","6.875","7.325","8.025","8.165","8.36","8.58","8.97","",
"Early-demographic dividend","EAR","Commercial bank branches (per 100,000 adults)","FB.CBK.BRCH.P5","","","","","","","","","","","","","","","","","","","","","","","","","","","","","","","","","","","","","","","","","","","","","5.665","6.65","6.95","7.34","7.625","8.05","8.36","8.53","8.96","9.68","10.16","9.885","10.205","10.44","10.22","9.665","10.065","",
"East Asia & Pacific","EAS","Commercial bank branches (per 100,000 adults)","FB.CBK.BRCH.P5","","","","","","","","","","","","","","","","","","","","","","","","","","","","","","","","","","","","","","","","","","","","","14.04","12.62","10.89","10.45","9.98","9.87","9.83","11.25","10.285","10.04","9.91","9.82","9.64","9.61","9.63","9.64","10.59","",
"Europe & Central Asia (excluding high income)","ECA","Commercial bank branches (per 100,000 adults)","FB.CBK.BRCH.P5","","","","","","","","","","","","","","","","","","","","","","","","","","","","","","","","","","","","","","","","","","","","","10.5","12.62","14.025","17.825","22.655","22.13","22.285","23.38","23.48","22.64","22.39","22.71","23.11","23.14","23.61","24.11","23.11","",
"Europe & Central Asia","ECS","Commercial bank branches (per 100,000 adults)","FB.CBK.BRCH.P5","","","","","","","","","","","","","","","","","","","","","","","","","","","","","","","","","","","","","","","","","","","","","24.33","25.605","27.025","27.52","27.79","26.46","26.29","24.16","24.62","24.76","24.54","24.185","24.05","22.86","22.435","23.54","22.56","",
"Ecuador","ECU","Commercial bank branches (per 100,000 adults)","FB.CBK.BRCH.P5","","","","","","","","","","","","","","","","","","","","","","","","","","","","","","","","","","","","","","","","","","","","","10.44","10.56","11","11.86","11.95","11.92","12.27","12.65","12.91","11.96","11.57","11.51","10.96","9.68","9.49","9.74","","",
"Egypt, Arab Rep.","EGY","Commercial bank branches (per 100,000 adults)","FB.CBK.BRCH.P5","","","","","","","","","","","","","","","","","","","","","","","","","","","","","","","","","","","","","","","","","","","","","3.8","3.81","3.92","4.21","4.46","4.58","4.61","4.62","4.57","4.56","4.56","4.61","4.74","4.88","4.99","6.64","6.76","",
"Euro area","EMU","Commercial bank branches (per 100,000 adults)","FB.CBK.BRCH.P5","","","","","","","","","","","","","","","","","","","","","","","","","","","","","","","","","","","","","","","","","","","","","33.61","31.88","33.75","37.36","36.61","35.35","34.18","32.76","26.63","26.89","27.98","26.84","24.62","22.86","20.87","19.89","18.695","",
"Eritrea","ERI","Commercial bank branches (per 100,000 adults)","FB.CBK.BRCH.P5","","","","","","","","","","","","","","","","","","","","","","","","","","","","","","","","","","","","","","","","","","","","","","","","","","","","","","","","","","","","","","",
"Spain","ESP","Commercial bank branches (per 100,000 adults)","FB.CBK.BRCH.P5","","","","","","","","","","","","","","","","","","","","","","","","","","","","","","","","","","","","","","","","","","","","","97.43","99.19","101.83","104.34","103.97","99.3","95.93","88.42","83.89","73.61","69.68","67.51","61.81","58.57","55.11","49.6","45.53","",
"Estonia","EST","Commercial bank branches (per 100,000 adults)","FB.CBK.BRCH.P5","","","","","","","","","","","","","","","","","","","","","","","","","","","","","","","","","","","","","","","","","","","","","18.41","20.88","22.63","24.02","23.82","20.28","19.47","17.35","16.02","13.95","12.39","11.15","10.42","10.06","9.68","8.93","7.92","",
"Ethiopia","ETH","Commercial bank branches (per 100,000 adults)","FB.CBK.BRCH.P5","","","","","","","","","","","","","","","","","","","","","","","","","","","","","","","","","","","","","","","","","","","","","0.84","0.92","0.95","1.09","1.21","1.33","1.37","1.91","2.94","","","","","","","","","",
"European Union","EUU","Commercial bank branches (per 100,000 adults)","FB.CBK.BRCH.P5","","","","","","","","","","","","","","","","","","","","","","","","","","","","","","","","","","","","","","","","","","","","","30.665","29.865","32.55","33.295","35.36","35.35","34.18","32.76","33.2","30.01","27.98","26.84","24.62","22.86","21.26","23.42","20.865","",
"Fragile and conflict affected situations","FCS","Commercial bank branches (per 100,000 adults)","FB.CBK.BRCH.P5","","","","","","","","","","","","","","","","","","","","","","","","","","","","","","","","","","","","","","","","","","","","","1.79","1.83","1.96","2.01","1.99","2.16","2.33","2.54","2.745","3.16","3.2","3.315","3.245","3.32","3.37","3.75","3.925","",
"Finland","FIN","Commercial bank branches (per 100,000 adults)","FB.CBK.BRCH.P5","","","","","","","","","","","","","","","","","","","","","","","","","","","","","","","","","","","","","","","","","","","","","13.17","14.41","16.95","16.09","16.02","14.97","15.5","17.02","15.5","14.1","9.42","8.49","7.31","6.46","4.8","4.49","4.02","",
"Fiji","FJI","Commercial bank branches (per 100,000 adults)","FB.CBK.BRCH.P5","","","","","","","","","","","","","","","","","","","","","","","","","","","","","","","","","","","","","","","","","","","","","9.26","9.64","10.58","11.29","11.61","11.27","11.14","10.94","10.6","11.28","12.62","12.8","12.4","12.15","11.88","11.28","10.69","",
"France","FRA","Commercial bank branches (per 100,000 adults)","FB.CBK.BRCH.P5","","","","","","","","","","","","","","","","","","","","","","","","","","","","","","","","","","","","","","","","","","","","","21.58","22.01","45.91","44.91","44.58","41.94","41.59","41.39","39","38.63","38.06","37.6","37.19","35.98","34.79","34.17","33.2","",
"Faroe Islands","FRO","Commercial bank branches (per 100,000 adults)","FB.CBK.BRCH.P5","","","","","","","","","","","","","","","","","","","","","","","","","","","","","","","","","","","","","","","","","","","","","","","","","","","","","","","","","","","","","","",
"Micronesia, Fed. Sts.","FSM","Commercial bank branches (per 100,000 adults)","FB.CBK.BRCH.P5","","","","","","","","","","","","","","","","","","","","","","","","","","","","","","","","","","","","","","","","","","","","","12.34","12.33","12.26","12.24","12.23","15.23","15.11","14.9","14.6","14.27","13.95","13.67","13.41","13.19","13","12.82","12.64","",
"Gabon","GAB","Commercial bank branches (per 100,000 adults)","FB.CBK.BRCH.P5","","","","","","","","","","","","","","","","","","","","","","","","","","","","","","","","","","","","","","","","","","","","","","4.03","4","4.08","3.93","4.3","4.72","5.29","8.96","9.29","","","","","","","","",
"United Kingdom","GBR","Commercial bank branches (per 100,000 adults)","FB.CBK.BRCH.P5","","","","","","","","","","","","","","","","","","","","","","","","","","","","","","","","","","","","","","","","","","","","","29.03","28.32","26.43","26.38","26.03","25.41","24.7","24.06","22.08","25.14","","","","","","","","",
"Georgia","GEO","Commercial bank branches (per 100,000 adults)","FB.CBK.BRCH.P5","","","","","","","","","","","","","","","","","","","","","","","","","","","","","","","","","","","","","","","","","","","","","10.16","11.68","14","17.04","21.81","20.72","21.21","23.6","27.98","32.88","32.4","32.17","32.72","33.23","31.52","33.58","31.72","",
"Ghana","GHA","Commercial bank branches (per 100,000 adults)","FB.CBK.BRCH.P5","","","","","","","","","","","","","","","","","","","","","","","","","","","","","","","","","","","","","","","","","","","","","3.04","3.2","3.56","4.51","4.7","5.02","5.28","5.29","5.57","5.72","5.94","6.98","6.98","8.42","8.54","8.3","6.14","",
"Gibraltar","GIB","Commercial bank branches (per 100,000 adults)","FB.CBK.BRCH.P5","","","","","","","","","","","","","","","","","","","","","","","","","","","","","","","","","","","","","","","","","","","","","","","","","","","","","","","","","","","","","","",
"Guinea","GIN","Commercial bank branches (per 100,000 adults)","FB.CBK.BRCH.P5","","","","","","","","","","","","","","","","","","","","","","","","","","","","","","","","","","","","","","","","","","","","","0.76","0.74","0.85","0.93","1.15","1.35","1.48","1.63","1.8","1.87","2.51","2.78","2.75","2.76","2.78","2.73","2.73","",
"Gambia, The","GMB","Commercial bank branches (per 100,000 adults)","FB.CBK.BRCH.P5","","","","","","","","","","","","","","","","","","","","","","","","","","","","","","","","","","","","","","","","","","","","","4","4.22","4.9","5.75","6.87","7.16","8.74","8.47","8.1","8.49","8.3","8.38","7.54","6.9","7.71","7.09","7.23","",
"Guinea-Bissau","GNB","Commercial bank branches (per 100,000 adults)","FB.CBK.BRCH.P5","","","","","","","","","","","","","","","","","","","","","","","","","","","","","","","","","","","","","","","","","","","","","0.14","0.27","0.39","0.5","1.22","1.9","1.96","2.36","2.51","2.76","2.69","3.31","3.23","3.14","3.05","3.78","4.11","",
"Equatorial Guinea","GNQ","Commercial bank branches (per 100,000 adults)","FB.CBK.BRCH.P5","","","","","","","","","","","","","","","","","","","","","","","","","","","","","","","","","","","","","","","","","","","","","2.54","2.65","2.94","3","3.04","3.08","3.27","3.29","3.92","3.89","4.44","4.93","","5.43","6.44","6.43","6.54","",
"Greece","GRC","Commercial bank branches (per 100,000 adults)","FB.CBK.BRCH.P5","","","","","","","","","","","","","","","","","","","","","","","","","","","","","","","","","","","","","","","","","","","","","34.04","35.19","38.05","40.14","42.62","42.29","41.33","39.67","37.74","32.55","28.18","26.84","24.62","22.86","20.87","19.24","18.22","",
"Grenada","GRD","Commercial bank branches (per 100,000 adults)","FB.CBK.BRCH.P5","","","","","","","","","","","","","","","","","","","","","","","","","","","","","","","","","","","","","","","","","","","","","36.41","33.23","32.76","32.33","31.9","31.44","30.95","31.96","32.87","32.55","32.29","32.09","23.63","23.54","23.48","23.41","22.15","",
"Greenland","GRL","Commercial bank branches (per 100,000 adults)","FB.CBK.BRCH.P5","","","","","","","","","","","","","","","","","","","","","","","","","","","","","","","","","","","","","","","","","","","","","","","","","","","","","","","","","","","","","","",
"Guatemala","GTM","Commercial bank branches (per 100,000 adults)","FB.CBK.BRCH.P5","","","","","","","","","","","","","","","","","","","","","","","","","","","","","","","","","","","","","","","","","","","","","18.11","17.92","17.61","28.09","30.85","33.39","34.25","35.09","35.73","36.1","35.95","35.9","34.94","34.19","27.69","25.56","24.3","",
"Guam","GUM","Commercial bank branches (per 100,000 adults)","FB.CBK.BRCH.P5","","","","","","","","","","","","","","","","","","","","","","","","","","","","","","","","","","","","","","","","","","","","","","","","","","","","","","","","","","","","","","",
"Guyana","GUY","Commercial bank branches (per 100,000 adults)","FB.CBK.BRCH.P5","","","","","","","","","","","","","","","","","","","","","","","","","","","","","","","","","","","","","","","","","","","","","6.11","6.1","6.24","6.36","6.48","6.59","6.69","7.38","7.66","8.13","8.4","8.48","8.39","8.31","8.23","8.15","8.09","",
"High income","HIC","Commercial bank branches (per 100,000 adults)","FB.CBK.BRCH.P5","","","","","","","","","","","","","","","","","","","","","","","","","","","","","","","","","","","","","","","","","","","","","24.49","25.5","26.3","25.315","26.03","25.22","24.06","23.83","23.27","22.82","22.18","22.015","21.535","20.73","20.44","19.89","18.48","",
"Hong Kong SAR, China","HKG","Commercial bank branches (per 100,000 adults)","FB.CBK.BRCH.P5","","","","","","","","","","","","","","","","","","","","","","","","","","","","","","","","","","","","","","","","","","","","","23.55","23.24","23.06","23.42","23.8","23.52","23.84","23.83","23.27","22.82","22.56","22.17","21.46","21.04","21.19","20.98","20.23","",
"Honduras","HND","Commercial bank branches (per 100,000 adults)","FB.CBK.BRCH.P5","","","","","","","","","","","","","","","","","","","","","","","","","","","","","","","","","","","","","","","","","","","","","15.27","16.02","17.95","21.37","22.68","21.77","19.09","19.35","21.21","21.49","21.32","19.31","19.51","19.44","18.89","18.39","16.1","",
"Heavily indebted poor countries (HIPC)","HPC","Commercial bank branches (per 100,000 adults)","FB.CBK.BRCH.P5","","","","","","","","","","","","","","","","","","","","","","","","","","","","","","","","","","","","","","","","","","","","","1.15","1.21","1.28","1.715","2.155","2.475","2.745","2.635","3","3.33","3.39","3.37","3.26","3.345","3.32","3.78","4.055","",
"Croatia","HRV","Commercial bank branches (per 100,000 adults)","FB.CBK.BRCH.P5","","","","","","","","","","","","","","","","","","","","","","","","","","","","","","","","","","","","","","","","","","","","","29.74","31.66","31.69","33.62","35.36","36.71","36.18","35.91","35.58","34.59","33.82","33.49","32.73","32.25","30.05","28.36","27.09","",
"Haiti","HTI","Commercial bank branches (per 100,000 adults)","FB.CBK.BRCH.P5","","","","","","","","","","","","","","","","","","","","","","","","","","","","","","","","","","","","","","","","","","","","","3.18","3.17","3.1","2.96","2.91","2.9","2.48","2.63","2.72","2.71","2.7","2.69","2.63","2.66","2.69","2.72","2.62","",
"Hungary","HUN","Commercial bank branches (per 100,000 adults)","FB.CBK.BRCH.P5","","","","","","","","","","","","","","","","","","","","","","","","","","","","","","","","","","","","","","","","","","","","","13.79","14.81","16.15","17.34","17.99","17.65","16.78","16.44","16.08","15.41","15.5","15.13","14.71","14.64","14.2","23.42","23.36","",
"IBRD only","IBD","Commercial bank branches (per 100,000 adults)","FB.CBK.BRCH.P5","","","","","","","","","","","","","","","","","","","","","","","","","","","","","","","","","","","","","","","","","","","","","10.3","11.42","12.06","13.19","14","13.68","13.79","14.71","14.89","14.83","15.04","14.495","15.155","14.51","14.5","14.39","13.795","",
"IDA & IBRD total","IBT","Commercial bank branches (per 100,000 adults)","FB.CBK.BRCH.P5","","","","","","","","","","","","","","","","","","","","","","","","","","","","","","","","","","","","","","","","","","","","","4.87","5.285","5.32","5.75","6.58","6.82","6.75","7.31","7.93","8.25","8.45","8.57","8.81","8.81","9.29","9.1","9","",
"IDA total","IDA","Commercial bank branches (per 100,000 adults)","FB.CBK.BRCH.P5","","","","","","","","","","","","","","","","","","","","","","","","","","","","","","","","","","","","","","","","","","","","","1.81","1.83","1.91","2.045","2.45","2.775","3.185","3.49","3.52","3.845","3.74","4.005","4.36","4.535","4.47","4.5","4.53","",
"IDA blend","IDB","Commercial bank branches (per 100,000 adults)","FB.CBK.BRCH.P5","","","","","","","","","","","","","","","","","","","","","","","","","","","","","","","","","","","","","","","","","","","","","2.79","3.255","2.69","3.51","3.41","4.36","4.65","4.92","5.19","5.28","5.48","4.98","4.83","5.08","5.24","4.785","4.56","",
"Indonesia","IDN","Commercial bank branches (per 100,000 adults)","FB.CBK.BRCH.P5","","","","","","","","","","","","","","","","","","","","","","","","","","","","","","","","","","","","","","","","","","","","","5.16","5.27","5.72","5.97","6.58","7.64","8.11","14.71","16.87","17.64","17.83","17.64","17.26","16.75","16.14","15.64","15.22","",
"IDA only","IDX","Commercial bank branches (per 100,000 adults)","FB.CBK.BRCH.P5","","","","","","","","","","","","","","","","","","","","","","","","","","","","","","","","","","","","","","","","","","","","","1.79","1.68","1.705","2.04","2.41","2.71","3.06","3.29","3.33","3.59","3.505","3.65","3.725","4.3","4.075","4.1","4.53","",
"Isle of Man","IMN","Commercial bank branches (per 100,000 adults)","FB.CBK.BRCH.P5","","","","","","","","","","","","","","","","","","","","","","","","","","","","","","","","","","","","","","","","","","","","","","","","","","","","","","","","","","","","","","",
"India","IND","Commercial bank branches (per 100,000 adults)","FB.CBK.BRCH.P5","","","","","","","","","","","","","","","","","","","","","","","","","","","","","","","","","","","","","","","","","","","","","8.93","8.89","8.86","8.97","9.28","9.57","10","10.47","11.14","11.81","12.82","13.52","14.21","14.51","14.5","14.58","14.74","",
"Not classified","INX","Commercial bank branches (per 100,000 adults)","FB.CBK.BRCH.P5","","","","","","","","","","","","","","","","","","","","","","","","","","","","","","","","","","","","","","","","","","","","","","","","","","","","","","","","","","","","","","",
"Ireland","IRL","Commercial bank branches (per 100,000 adults)","FB.CBK.BRCH.P5","","","","","","","","","","","","","","","","","","","","","","","","","","","","","","","","","","","","","","","","","","","","","35.72","34.4","33.75","32.97","33.52","34.16","27.99","27","24.43","22.79","21.8","21.86","21.61","20.75","20.44","19.89","19.17","",
"Iran, Islamic Rep.","IRN","Commercial bank branches (per 100,000 adults)","FB.CBK.BRCH.P5","","","","","","","","","","","","","","","","","","","","","","","","","","","","","","","","","","","","","","","","","","","","","28.72","28.2","27.98","28.11","28.9","28.55","26.32","29.6","29.68","29.37","32.31","31.33","31.65","28.59","31.09","","","",
"Iraq","IRQ","Commercial bank branches (per 100,000 adults)","FB.CBK.BRCH.P5","","","","","","","","","","","","","","","","","","","","","","","","","","","","","","","","","","","","","","","","","","","","","0.17","0.17","3.4","3.39","3.41","4.82","5.29","5.1","5.52","5.4","5.25","4.86","4.05","3.97","4.38","3.94","3.85","",
"Iceland","ISL","Commercial bank branches (per 100,000 adults)","FB.CBK.BRCH.P5","","","","","","","","","","","","","","","","","","","","","","","","","","","","","","","","","","","","","","","","","","","","","90.9","86.18","77.58","73.31","69.68","60.84","57.56","52.21","47.15","43.14","40.3","36.42","35.47","34.58","31.47","30.37","28.11","",
"Israel","ISR","Commercial bank branches (per 100,000 adults)","FB.CBK.BRCH.P5","","","","","","","","","","","","","","","","","","","","","","","","","","","","","","","","","","","","","","","","","","","","","19.79","19.6","19.4","19.45","19.82","19.68","21.55","21.87","21.85","21.48","20.85","20.07","18.87","17.89","17.35","16.76","16.15","",
"Italy","ITA","Commercial bank branches (per 100,000 adults)","FB.CBK.BRCH.P5","","","","","","","","","","","","","","","","","","","","","","","","","","","","","","","","","","","","","","","","","","","","","56.21","56.77","58.01","59.18","62.62","59.71","58.44","58.01","56.48","53.3","50.81","49.82","47.63","44.61","40.89","39.16","37.63","",
"Jamaica","JAM","Commercial bank branches (per 100,000 adults)","FB.CBK.BRCH.P5","","","","","","","","","","","","","","","","","","","","","","","","","","","","","","","","","","","","","","","","","","","","","6.98","6.74","6.7","6.66","6.82","6.48","6.14","6.02","5.94","5.63","5.1","5.18","5.14","6.67","6.35","6.48","6.35","",
"Jordan","JOR","Commercial bank branches (per 100,000 adults)","FB.CBK.BRCH.P5","","","","","","","","","","","","","","","","","","","","","","","","","","","","","","","","","","","","","","","","","","","","","18.2","17.75","16.96","17","16.74","16.4","16.72","16.57","16.19","15.72","15.35","15.07","14.86","14.42","14.53","14.39","14.09","",
"Japan","JPN","Commercial bank branches (per 100,000 adults)","FB.CBK.BRCH.P5","","","","","","","","","","","","","","","","","","","","","","","","","","","","","","","","","","","","","","","","","","","","","34.61","34.38","34.12","33.9","33.85","33.81","33.82","33.9","33.95","33.91","33.9","34.14","34.1","34","34.01","33.92","33.92","",
"Kazakhstan","KAZ","Commercial bank branches (per 100,000 adults)","FB.CBK.BRCH.P5","","","","","","","","","","","","","","","","","","","","","","","","","","","","","","","","","","","","","","","","","","","","","3.73","3.95","3.08","3.29","3.47","3.37","3.26","3.32","3.29","3.27","3.39","2.96","2.95","2.81","2.49","2.49","2.4","",
"Kenya","KEN","Commercial bank branches (per 100,000 adults)","FB.CBK.BRCH.P5","","","","","","","","","","","","","","","","","","","","","","","","","","","","","","","","","","","","","","","","","","","","","2.7","2.6","2.69","3.51","4.07","4.36","4.65","4.92","5.19","5.28","5.48","5.59","5.37","5.21","5","4.79","4.67","",
"Kyrgyz Republic","KGZ","Commercial bank branches (per 100,000 adults)","FB.CBK.BRCH.P5","","","","","","","","","","","","","","","","","","","","","","","","","","","","","","","","","","","","","","","","","","","","","5.14","5.3","5.32","6.41","6.82","6.91","6.1","7.16","7.71","7.85","7.89","8.28","8.43","8.18","8.09","7.96","7.55","",
"Cambodia","KHM","Commercial bank branches (per 100,000 adults)","FB.CBK.BRCH.P5","","","","","","","","","","","","","","","","","","","","","","","","","","","","","","","","","","","","","","","","","","","","","","","2.33","3.03","3.14","3.96","4.12","4.28","4.49","4.77","5.69","6.12","7.24","7.52","7.84","8.3","11.6","",
"Kiribati","KIR","Commercial bank branches (per 100,000 adults)","FB.CBK.BRCH.P5","","","","","","","","","","","","","","","","","","","","","","","","","","","","","","","","","","","","","","","","","","","","","","","","","","","","5.99","5.87","5.74","","","","","","","","",
"St. Kitts and Nevis","KNA","Commercial bank branches (per 100,000 adults)","FB.CBK.BRCH.P5","","","","","","","","","","","","","","","","","","","","","","","","","","","","","","","","","","","","","","","","","","","","","57.56","56.8","56.11","55.46","59.84","59.19","58.55","48.26","50.11","49.57","44.37","43.92","41.21","36.28","37.71","37.1","37.1","",
"Korea, Rep.","KOR","Commercial bank branches (per 100,000 adults)","FB.CBK.BRCH.P5","","","","","","","","","","","","","","","","","","","","","","","","","","","","","","","","","","","","","","","","","","","","","16.8","17.33","17.82","18.31","18.7","18.19","18.18","18.22","18.31","18.02","17.2","16.75","16.24","15.44","15.27","15.1","14.37","",
"Kuwait","KWT","Commercial bank branches (per 100,000 adults)","FB.CBK.BRCH.P5","","","","","","","","","","","","","","","","","","","","","","","","","","","","","","","","","","","","","","","","","","","","","12.82","13.75","14.58","15.4","15.48","15.84","15.71","15.94","14.8","15.35","15.27","14.79","14.67","14.59","14.72","13.58","13.6","",
"Latin America & Caribbean (excluding high income)","LAC","Commercial bank branches (per 100,000 adults)","FB.CBK.BRCH.P5","","","","","","","","","","","","","","","","","","","","","","","","","","","","","","","","","","","","","","","","","","","","","10.245","10.29","10.5","12.23","13.12","12.455","12.655","12.895","13.065","12.605","12.445","12.965","13.345","13.785","13.675","13.59","13.21","",
"Lao PDR","LAO","Commercial bank branches (per 100,000 adults)","FB.CBK.BRCH.P5","","","","","","","","","","","","","","","","","","","","","","","","","","","","","","","","","","","","","","","","","","","","","","","","","0.48","2.35","2.54","2.55","2.7","2.73","2.88","2.9","3","3.09","3.17","3.21","3.21","",
"Lebanon","LBN","Commercial bank branches (per 100,000 adults)","FB.CBK.BRCH.P5","","","","","","","","","","","","","","","","","","","","","","","","","","","","","","","","","","","","","","","","","","","","","26.98","26.86","26.35","26.45","26.45","26.51","26.29","26","24.86","24","23.55","23.01","22.56","22.25","22.27","21.66","20.32","",
"Liberia","LBR","Commercial bank branches (per 100,000 adults)","FB.CBK.BRCH.P5","","","","","","","","","","","","","","","","","","","","","","","","","","","","","","","","","","","","","","","","","","","","","","","0.84","1.12","1.66","2.95","3.65","3.75","3.68","3.82","3.74","3.05","2.96","2.98","3.17","3.08","2.88","",
"Libya","LBY","Commercial bank branches (per 100,000 adults)","FB.CBK.BRCH.P5","","","","","","","","","","","","","","","","","","","","","","","","","","","","","","","","","","","","","","","","","","","","","8.8","8.87","10.64","10.74","10.69","10.85","11.16","11.14","11.35","11.8","11.75","11.67","11.63","11.48","11.36","","","",
"St. Lucia","LCA","Commercial bank branches (per 100,000 adults)","FB.CBK.BRCH.P5","","","","","","","","","","","","","","","","","","","","","","","","","","","","","","","","","","","","","","","","","","","","","25.14","24.57","23.93","23.31","22.72","22.17","21.69","21.29","20.96","20.68","20.42","19.48","15.84","15.67","15.52","16.72","15.27","",
"Latin America & Caribbean","LCN","Commercial bank branches (per 100,000 adults)","FB.CBK.BRCH.P5","","","","","","","","","","","","","","","","","","","","","","","","","","","","","","","","","","","","","","","","","","","","","11.05","11.765","12.025","13.19","13.77","13.4","13.58","13.53","13.22","13.25","13.24","13.26","13.345","13.785","13.675","13.25","12.79","",
"Least developed countries: UN classification","LDC","Commercial bank branches (per 100,000 adults)","FB.CBK.BRCH.P5","","","","","","","","","","","","","","","","","","","","","","","","","","","","","","","","","","","","","","","","","","","","","1.17","1.23","1.515","1.9","2.05","2.35","2.54","2.63","2.94","3.28","3.32","3.34","3.26","3.345","3.37","3.77","3.895","",
"Low income","LIC","Commercial bank branches (per 100,000 adults)","FB.CBK.BRCH.P5","","","","","","","","","","","","","","","","","","","","","","","","","","","","","","","","","","","","","","","","","","","","","1.12","1.2","1.18","1.46","1.96","2.23","2.39","2.36","2.77","2.97","2.915","3.04","2.96","2.81","2.83","2.905","2.88","",
"Liechtenstein","LIE","Commercial bank branches (per 100,000 adults)","FB.CBK.BRCH.P5","","","","","","","","","","","","","","","","","","","","","","","","","","","","","","","","","","","","","","","","","","","","","","","","","","","","","","","","","","","","","","",
"Sri Lanka","LKA","Commercial bank branches (per 100,000 adults)","FB.CBK.BRCH.P5","","","","","","","","","","","","","","","","","","","","","","","","","","","","","","","","","","","","","","","","","","","","","8.7","9.01","12","13.25","14.08","14.89","15.86","17.28","18.01","18.32","18.47","18.63","","","","","","",
"Lower middle income","LMC","Commercial bank branches (per 100,000 adults)","FB.CBK.BRCH.P5","","","","","","","","","","","","","","","","","","","","","","","","","","","","","","","","","","","","","","","","","","","","","4.73","4.85","4.435","5.06","4.7","5.195","5.41","6.315","6.66","6.88","6.975","7.39","7.28","7.85","8.09","8.13","7.55","",
"Low & middle income","LMY","Commercial bank branches (per 100,000 adults)","FB.CBK.BRCH.P5","","","","","","","","","","","","","","","","","","","","","","","","","","","","","","","","","","","","","","","","","","","","","4.7","4.98","4.925","5.13","5.565","5.82","6.12","6.76","7.47","7.84","7.975","8.28","8.43","8.37","8.88","8.55","8.79","",
"Lesotho","LSO","Commercial bank branches (per 100,000 adults)","FB.CBK.BRCH.P5","","","","","","","","","","","","","","","","","","","","","","","","","","","","","","","","","","","","","","","","","","","","","2.4","2.31","1.91","2.05","2.2","2.25","3.31","3.36","3.33","3.59","3.55","3.72","3.83","3.78","3.74","3.76","3.79","",
"Late-demographic dividend","LTE","Commercial bank branches (per 100,000 adults)","FB.CBK.BRCH.P5","","","","","","","","","","","","","","","","","","","","","","","","","","","","","","","","","","","","","","","","","","","","","15.07","15.39","17.59","18.195","19.19","19.56","19.47","19.45","19.44","19.55","19.805","19.31","20.37","19.055","17.11","16.42","15.48","",
"Lithuania","LTU","Commercial bank branches (per 100,000 adults)","FB.CBK.BRCH.P5","","","","","","","","","","","","","","","","","","","","","","","","","","","","","","","","","","","","","","","","","","","","","23.76","25.5","27.95","29.93","29.72","29.51","29.05","19","19.28","18.08","16.24","14.55","13.44","13.6","11.45","10.08","10.46","",
"Luxembourg","LUX","Commercial bank branches (per 100,000 adults)","FB.CBK.BRCH.P5","","","","","","","","","","","","","","","","","","","","","","","","","","","","","","","","","","","","","","","","","","","","","110.94","105.41","100.62","97.55","94.58","90.93","88.62","85.95","82.98","81.72","79.57","76.84","76.72","71.72","68.44","64.48","59","",
"Latvia","LVA","Commercial bank branches (per 100,000 adults)","FB.CBK.BRCH.P5","","","","","","","","","","","","","","","","","","","","","","","","","","","","","","","","","","","","","","","","","","","","","31.59","31.88","33.41","37.36","36.61","35.35","34.18","32.76","24.62","21.57","20.37","18.05","17.1","16.47","14.7","9.74","6.99","",
"Macao SAR, China","MAC","Commercial bank branches (per 100,000 adults)","FB.CBK.BRCH.P5","","","","","","","","","","","","","","","","","","","","","","","","","","","","","","","","","","","","","","","","","","","","","34.47","34.19","35.87","35.87","36.16","36.23","36.08","36.62","36.3","36.81","37.56","37.82","37.48","38.9","39.42","40.13","39.92","",
"St. Martin (French part)","MAF","Commercial bank branches (per 100,000 adults)","FB.CBK.BRCH.P5","","","","","","","","","","","","","","","","","","","","","","","","","","","","","","","","","","","","","","","","","","","","","","","","","","","","","","","","","","","","","","",
"Morocco","MAR","Commercial bank branches (per 100,000 adults)","FB.CBK.BRCH.P5","","","","","","","","","","","","","","","","","","","","","","","","","","","","","","","","","","","","","","","","","","","","","9.9","10.62","11.49","12.63","14.15","19.56","20.79","21.81","22.86","23.59","24.06","24.58","24.8","24.85","24.89","24.64","24.17","",
"Monaco","MCO","Commercial bank branches (per 100,000 adults)","FB.CBK.BRCH.P5","","","","","","","","","","","","","","","","","","","","","","","","","","","","","","","","","","","","","","","","","","","","","","","","","","","","","","","","","","","","","","",
"Moldova","MDA","Commercial bank branches (per 100,000 adults)","FB.CBK.BRCH.P5","","","","","","","","","","","","","","","","","","","","","","","","","","","","","","","","","","","","","","","","","","","","","37.11","40.11","41.5","44.68","49.6","48.69","49.19","52.74","53.2","54.04","56.23","34.56","34.54","34.71","35.33","32.41","30.52","",
"Madagascar","MDG","Commercial bank branches (per 100,000 adults)","FB.CBK.BRCH.P5","","","","","","","","","","","","","","","","","","","","","","","","","","","","","","","","","","","","","","","","","","","","","1.12","1.11","1.14","1.27","1.33","1.41","1.46","1.53","1.61","1.68","1.9","2.06","2.2","2.32","2.38","2.46","2.51","",
"Maldives","MDV","Commercial bank branches (per 100,000 adults)","FB.CBK.BRCH.P5","","","","","","","","","","","","","","","","","","","","","","","","","","","","","","","","","","","","","","","","","","","","","10.08","10.04","11.77","12.11","12.41","12.27","11.71","11.45","11.16","10.55","10.28","10.04","11.94","13.16","13.11","13.87","13.81","",
"Middle East & North Africa","MEA","Commercial bank branches (per 100,000 adults)","FB.CBK.BRCH.P5","","","","","","","","","","","","","","","","","","","","","","","","","","","","","","","","","","","","","","","","","","","","","9.9","10.62","12.05","12.395","13.23","13.35","13.7","12.05","12.135","12.095","13.23","12.79","13.52","13.715","13.805","13.19","13.42","",
"Mexico","MEX","Commercial bank branches (per 100,000 adults)","FB.CBK.BRCH.P5","","","","","","","","","","","","","","","","","","","","","","","","","","","","","","","","","","","","","","","","","","","","","11.05","11.09","11.44","12.6","13.97","13.68","14.09","14.41","14.89","14.83","14.73","13.92","14.02","14.03","13.86","13.73","12.79","",
"Marshall Islands","MHL","Commercial bank branches (per 100,000 adults)","FB.CBK.BRCH.P5","","","","","","","","","","","","","","","","","","","","","","","","","","","","","","","","","","","","","","","","","","","","","11.8","11.8","11.8","14.73","17.65","17.61","17.58","20.46","20.41","20.36","20.32","20.29","20.26","14.42","14.07","13.4","13.4","",
"Middle income","MIC","Commercial bank branches (per 100,000 adults)","FB.CBK.BRCH.P5","","","","","","","","","","","","","","","","","","","","","","","","","","","","","","","","","","","","","","","","","","","","","7.355","7.37","7.28","7.98","8.225","8.85","9.21","10","9.92","10.2","10.815","10.44","10.365","10.4","10.6","10.245","10.45","",
"North Macedonia","MKD","Commercial bank branches (per 100,000 adults)","FB.CBK.BRCH.P5","","","","","","","","","","","","","","","","","","","","","","","","","","","","","","","","","","","","","","","","","","","","","17.29","16.42","18.79","19.97","24.35","25.31","25.65","24.16","24.65","24.76","24.87","24.69","25.01","25.65","24.15","24.11","23.11","",
"Mali","MLI","Commercial bank branches (per 100,000 adults)","FB.CBK.BRCH.P5","","","","","","","","","","","","","","","","","","","","","","","","","","","","","","","","","","","","","","","","","","","","","2.45","2.49","2.65","2.99","2.87","3.22","3.66","4.27","4.83","5.06","5.64","6.06","6.08","5.16","5.03","4.96","4.67","",
"Malta","MLT","Commercial bank branches (per 100,000 adults)","FB.CBK.BRCH.P5","","","","","","","","","","","","","","","","","","","","","","","","","","","","","","","","","","","","","","","","","","","","","38.88","39.29","37.39","38.49","40.05","40.11","39.45","41.44","37.91","37.85","37.05","37.2","34.3","32.14","29.61","27.56","23.34","",
"Myanmar","MMR","Commercial bank branches (per 100,000 adults)","FB.CBK.BRCH.P5","","","","","","","","","","","","","","","","","","","","","","","","","","","","","","","","","","","","","","","","","","","","","1.81","1.72","1.42","1.44","1.47","1.49","1.53","1.68","1.86","2.74","3.39","3.36","3.4","4.7","5.09","5.61","","",
"Middle East & North Africa (excluding high income)","MNA","Commercial bank branches (per 100,000 adults)","FB.CBK.BRCH.P5","","","","","","","","","","","","","","","","","","","","","","","","","","","","","","","","","","","","","","","","","","","","","8.785","8.775","9.845","10.01","10.55","10.86","10.845","10.965","11","11.16","11.75","11.67","13.57","13.715","13.805","13.595","13.665","",
"Montenegro","MNE","Commercial bank branches (per 100,000 adults)","FB.CBK.BRCH.P5","","","","","","","","","","","","","","","","","","","","","","","","","","","","","","","","","","","","","","","","","","","","","21.09","25.09","27.24","34.65","41.77","43.58","39.78","40.28","40.57","42.42","41.9","42.99","44.27","43.63","43.62","40.85","38.07","",
"Mongolia","MNG","Commercial bank branches (per 100,000 adults)","FB.CBK.BRCH.P5","","","","","","","","","","","","","","","","","","","","","","","","","","","","","","","","","","","","","","","","","","","","","40.01","41.66","46.11","53.07","57.23","54.3","54.61","65.69","68.21","70.68","71.23","70.14","69.83","69.92","69.17","63.89","62.59","",
"Northern Mariana Islands","MNP","Commercial bank branches (per 100,000 adults)","FB.CBK.BRCH.P5","","","","","","","","","","","","","","","","","","","","","","","","","","","","","","","","","","","","","","","","","","","","","","","","","","","","","","","","","","","","","","",
"Mozambique","MOZ","Commercial bank branches (per 100,000 adults)","FB.CBK.BRCH.P5","","","","","","","","","","","","","","","","","","","","","","","","","","","","","","","","","","","","","","","","","","","","","1.82","2.05","2.09","2.42","2.57","2.94","3.38","3.62","3.85","3.87","4.12","4.29","4.36","4.3","4.24","4.1","4","",
"Mauritania","MRT","Commercial bank branches (per 100,000 adults)","FB.CBK.BRCH.P5","","","","","","","","","","","","","","","","","","","","","","","","","","","","","","","","","","","","","","","","","","","","","","","","4.08","4.26","4.28","4.29","4.25","4.75","6.77","7.03","7.39","8.63","8.64","10.92","11.36","11.2","",
"Mauritius","MUS","Commercial bank branches (per 100,000 adults)","FB.CBK.BRCH.P5","","","","","","","","","","","","","","","","","","","","","","","","","","","","","","","","","","","","","","","","","","","","","18.14","18.28","18.65","18.95","19.55","21.1","21.31","21.61","21.91","22.24","22.47","21.72","20.4","18.6","17.11","16.42","15.48","",
"Malawi","MWI","Commercial bank branches (per 100,000 adults)","FB.CBK.BRCH.P5","","","","","","","","","","","","","","","","","","","","","","","","","","","","","","","","","","","","","","","","","","","","","1","0.96","0.95","1.99","2.23","2.34","2.95","1.09","3.36","3.34","3.32","3.37","2.99","2.21","2.29","2.27","","",
"Malaysia","MYS","Commercial bank branches (per 100,000 adults)","FB.CBK.BRCH.P5","","","","","","","","","","","","","","","","","","","","","","","","","","","","","","","","","","","","","","","","","","","","","14.04","12.62","11.73","11.46","11.28","11.13","10.92","11.25","11.15","10.97","10.81","10.69","10.44","10.23","10.24","10.08","8.97","",
"North America","NAC","Commercial bank branches (per 100,000 adults)","FB.CBK.BRCH.P5","","","","","","","","","","","","","","","","","","","","","","","","","","","","","","","","","","","","","","","","","","","","","32.69","33.28","29.26","29.72","29.89","30.05","29.74","29.67","29.605","28.48","27.78","27.77","27.175","25.98","25.505","25.095","24.93","",
"Namibia","NAM","Commercial bank branches (per 100,000 adults)","FB.CBK.BRCH.P5","","","","","","","","","","","","","","","","","","","","","","","","","","","","","","","","","","","","","","","","","","","","","11.26","11.16","12.12","12.71","12.81","12.82","12.82","12.95","12.84","12.94","13.53","13.62","15.45","10.48","11.39","11.18","10.78","",
"New Caledonia","NCL","Commercial bank branches (per 100,000 adults)","FB.CBK.BRCH.P5","","","","","","","","","","","","","","","","","","","","","","","","","","","","","","","","","","","","","","","","","","","","","","","","","","","","","","","","","","","","","","",
"Niger","NER","Commercial bank branches (per 100,000 adults)","FB.CBK.BRCH.P5","","","","","","","","","","","","","","","","","","","","","","","","","","","","","","","","","","","","","","","","","","","","","0.52","0.68","0.76","0.92","1.07","1.12","1.22","1.25","1.55","1.65","1.66","1.71","1.67","1.68","1.63","1.63","1.59","",
"Nigeria","NGA","Commercial bank branches (per 100,000 adults)","FB.CBK.BRCH.P5","","","","","","","","","","","","","","","","","","","","","","","","","","","","","","","","","","","","","","","","","","","","","4.7","4.18","3.78","5.21","6.27","6.48","6.56","6.41","5.82","5.9","5.61","4.98","4.74","4.44","4.3","4.78","4.45","",
"Nicaragua","NIC","Commercial bank branches (per 100,000 adults)","FB.CBK.BRCH.P5","","","","","","","","","","","","","","","","","","","","","","","","","","","","","","","","","","","","","","","","","","","","","4.87","6.2","6.9","7.34","8.12","8.05","6.75","7.11","7.02","7.37","7.57","8.09","11.07","11.16","9.44","8.8","7.99","",
"Netherlands","NLD","Commercial bank branches (per 100,000 adults)","FB.CBK.BRCH.P5","","","","","","","","","","","","","","","","","","","","","","","","","","","","","","","","","","","","","","","","","","","","","33.61","28.07","27.7","28.66","27.57","25.22","23.02","21.31","19.65","17.35","14.79","13.99","12.46","11.92","10.94","9.24","6.99","",
"Norway","NOR","Commercial bank branches (per 100,000 adults)","FB.CBK.BRCH.P5","","","","","","","","","","","","","","","","","","","","","","","","","","","","","","","","","","","","","","","","","","","","","","12.08","12.01","12.31","11.7","11.02","10.96","10.73","9.93","8.94","8.51","7.73","6.16","5.5","","","","",
"Nepal","NPL","Commercial bank branches (per 100,000 adults)","FB.CBK.BRCH.P5","","","","","","","","","","","","","","","","","","","","","","","","","","","","","","","","","","","","","","","","","","","","","2.56","2.51","2.55","3.5","3.48","4.59","5.1","7.35","8.54","8.62","8.88","9.45","10.28","12.13","15.46","17.79","21.52","",
"Nauru","NRU","Commercial bank branches (per 100,000 adults)","FB.CBK.BRCH.P5","","","","","","","","","","","","","","","","","","","","","","","","","","","","","","","","","","","","","","","","","","","","","","","","","","","","","","","","","","","","","","",
"New Zealand","NZL","Commercial bank branches (per 100,000 adults)","FB.CBK.BRCH.P5","","","","","","","","","","","","","","","","","","","","","","","","","","","","","","","","","","","","","","","","","","","","","35.01","35.15","35.35","35.14","34.99","35.7","34.49","33.91","33.32","30.83","29.51","28.87","29.57","27.17","26.67","25.12","21.41","",
"OECD members","OED","Commercial bank branches (per 100,000 adults)","FB.CBK.BRCH.P5","","","","","","","","","","","","","","","","","","","","","","","","","","","","","","","","","","","","","","","","","","","","","27.825","26.15","27.62","28.66","27.68","25.935","25.495","24.125","24.07","23.055","22.09","22.1","21.61","20.71","20.285","19.81","18.3","",
"Oman","OMN","Commercial bank branches (per 100,000 adults)","FB.CBK.BRCH.P5","","","","","","","","","","","","","","","","","","","","","","","","","","","","","","","","","","","","","","","","","","","","","21.16","20.17","19.64","20.06","20.67","21.1","20.4","19.45","18.47","18.57","16.93","16.37","15.95","14.57","14.59","13.91","14.2","",
"Other small states","OSS","Commercial bank branches (per 100,000 adults)","FB.CBK.BRCH.P5","","","","","","","","","","","","","","","","","","","","","","","","","","","","","","","","","","","","","","","","","","","","","7","6.465","6.695","7.15","7.885","8.005","8.975","8.655","8.96","9.24","8.895","8.61","9.08","7.635","7.45","8.01","7.575","",
"Pakistan","PAK","Commercial bank branches (per 100,000 adults)","FB.CBK.BRCH.P5","","","","","","","","","","","","","","","","","","","","","","","","","","","","","","","","","","","","","","","","","","","","","7.59","7.67","7.8","8.02","8.33","8.37","8.38","8.53","8.75","9.05","9.31","9.65","9.95","10.18","10.28","10.41","10.31","",
"Panama","PAN","Commercial bank branches (per 100,000 adults)","FB.CBK.BRCH.P5","","","","","","","","","","","","","","","","","","","","","","","","","","","","","","","","","","","","","","","","","","","","","","","","21.43","22.48","22.36","22.7","22.65","22.26","23.59","23.96","23.61","23.37","22.22","21.66","20.2","20.15","",
"Peru","PER","Commercial bank branches (per 100,000 adults)","FB.CBK.BRCH.P5","","","","","","","","","","","","","","","","","","","","","","","","","","","","","","","","","","","","","","","","","","","","","4.21","4.34","4.52","5.19","6.71","6.82","6.92","7.17","7.79","7.94","8.25","8.37","8.1","7.6","7.22","6.56","6","",
"Philippines","PHL","Commercial bank branches (per 100,000 adults)","FB.CBK.BRCH.P5","","","","","","","","","","","","","","","","","","","","","","","","","","","","","","","","","","","","","","","","","","","","","8.21","8","7.8","7.53","7.57","7.49","7.55","7.66","7.93","8.24","8.62","8.76","8.84","8.99","9.02","9.2","9.17","",
"Palau","PLW","Commercial bank branches (per 100,000 adults)","FB.CBK.BRCH.P5","","","","","","","","","","","","","","","","","","","","","","","","","","","","","","","","","","","","","","","","","","","","","","","","","","","","","","","","","","","","","","",
"Papua New Guinea","PNG","Commercial bank branches (per 100,000 adults)","FB.CBK.BRCH.P5","","","","","","","","","","","","","","","","","","","","","","","","","","","","","","","","","","","","","","","","","","","","","1.79","1.77","1.68","1.68","1.64","1.55","1.6","1.71","1.71","1.66","1.62","1.58","1.54","1.5","1.52","1.61","1.59","",
"Poland","POL","Commercial bank branches (per 100,000 adults)","FB.CBK.BRCH.P5","","","","","","","","","","","","","","","","","","","","","","","","","","","","","","","","","","","","","","","","","","","","","26.62","26.59","27.62","29.71","32.75","32.94","32.19","32.57","33.96","32.95","32.93","31.12","31.01","29.31","29.73","28.95","25.73","",
"Pre-demographic dividend","PRE","Commercial bank branches (per 100,000 adults)","FB.CBK.BRCH.P5","","","","","","","","","","","","","","","","","","","","","","","","","","","","","","","","","","","","","","","","","","","","","1.135","1.21","1.34","1.86","2.05","2.42","2.57","2.64","3.17","3.34","3.46","3.51","3.26","3.37","3.37","3.86","4","",
"Puerto Rico","PRI","Commercial bank branches (per 100,000 adults)","FB.CBK.BRCH.P5","","","","","","","","","","","","","","","","","","","","","","","","","","","","","","","","","","","","","","","","","","","","","","","","","","","","","","","","","","","","","","",
"Korea, Dem. People's Rep.","PRK","Commercial bank branches (per 100,000 adults)","FB.CBK.BRCH.P5","","","","","","","","","","","","","","","","","","","","","","","","","","","","","","","","","","","","","","","","","","","","","","","","","","","","","","","","","","","","","","",
"Portugal","PRT","Commercial bank branches (per 100,000 adults)","FB.CBK.BRCH.P5","","","","","","","","","","","","","","","","","","","","","","","","","","","","","","","","","","","","","","","","","","","","","66.45","68.15","70.74","61.51","64.21","65.78","65.87","63.95","61.1","58.03","53.39","35.5","42.7","39.08","35.46","34.54","32.84","",
"Paraguay","PRY","Commercial bank branches (per 100,000 adults)","FB.CBK.BRCH.P5","","","","","","","","","","","","","","","","","","","","","","","","","","","","","","","","","","","","","","","","","","","","","4.15","3.99","4.05","4.32","5.75","7.12","8.57","9.51","10.02","10.32","9.1","10.12","10.1","11.68","11.53","11.02","9.82","",
"West Bank and Gaza","PSE","Commercial bank branches (per 100,000 adults)","FB.CBK.BRCH.P5","","","","","","","","","","","","","","","","","","","","","","","","","","","","","","","","","","","","","","","","","","","","","8.77","8.68","9.05","9.28","10.41","10.87","10.53","10.79","10.65","10.52","11.04","11.3","12.28","13.01","13.08","12.8","13.24","",
"Pacific island small states","PSS","Commercial bank branches (per 100,000 adults)","FB.CBK.BRCH.P5","","","","","","","","","","","","","","","","","","","","","","","","","","","","","","","","","","","","","","","","","","","","","","","","","","","","","","","","","","","","","","",
"Post-demographic dividend","PST","Commercial bank branches (per 100,000 adults)","FB.CBK.BRCH.P5","","","","","","","","","","","","","","","","","","","","","","","","","","","","","","","","","","","","","","","","","","","","","29.74","28.07","28.12","30.8","30.645","30.365","29.9","27.3","27.625","27.575","27.79","24.69","24.05","21.28","21.26","23.42","20.82","",
"French Polynesia","PYF","Commercial bank branches (per 100,000 adults)","FB.CBK.BRCH.P5","","","","","","","","","","","","","","","","","","","","","","","","","","","","","","","","","","","","","","","","","","","","","","","","","","","","","","","","","","","","","","",
"Qatar","QAT","Commercial bank branches (per 100,000 adults)","FB.CBK.BRCH.P5","","","","","","","","","","","","","","","","","","","","","","","","","","","","","","","","","","","","","","","","","","","","","21.49","20.22","18.56","17.78","17.65","17.39","17.13","12.43","12.31","11.53","13.23","10.58","11.32","9.12","7.19","9.44","10.09","",
"Romania","ROU","Commercial bank branches (per 100,000 adults)","FB.CBK.BRCH.P5","","","","","","","","","","","","","","","","","","","","","","","","","","","","","","","","","","","","","","","","","","","","","","","","","36.73","36.21","35.44","35.27","33.2","31.64","30.74","28.72","28.02","26.68","25.58","23.66","22.56","",
"Russian Federation","RUS","Commercial bank branches (per 100,000 adults)","FB.CBK.BRCH.P5","","","","","","","","","","","","","","","","","","","","","","","","","","","","","","","","","","","","","","","","","","","","","26.76","28.43","30.36","33.64","35.57","34.64","35.06","36.75","38.25","38.52","37.04","32.93","30.13","29.23","26.26","25.63","24.59","",
"Rwanda","RWA","Commercial bank branches (per 100,000 adults)","FB.CBK.BRCH.P5","","","","","","","","","","","","","","","","","","","","","","","","","","","","","","","","","","","","","","","","","","","","","0.4","0.78","0.74","1.1","4.67","5","4.99","5.56","5.73","6.07","5.94","6.22","6.28","6.18","5.77","5.32","4.59","",
"South Asia","SAS","Commercial bank branches (per 100,000 adults)","FB.CBK.BRCH.P5","","","","","","","","","","","","","","","","","","","","","","","","","","","","","","","","","","","","","","","","","","","","","7.355","7.37","7.45","7.575","7.755","7.885","8.02","8.2","8.645","8.835","9.095","9.55","9.95","10.18","10.28","10.41","12.525","",
"Saudi Arabia","SAU","Commercial bank branches (per 100,000 adults)","FB.CBK.BRCH.P5","","","","","","","","","","","","","","","","","","","","","","","","","","","","","","","","","","","","","","","","","","","","","8.13","7.86","7.95","8.01","8.02","8.3","8.36","8.28","8.17","8.17","8.51","8.55","8.53","8.5","8.34","8.16","7.79","",
"Sudan","SDN","Commercial bank branches (per 100,000 adults)","FB.CBK.BRCH.P5","","","","","","","","","","","","","","","","","","","","","","","","","","","","","","","","","","","","","","","","","","","","","2.56","2.43","2.37","2.37","2.37","2.5","2.92","3.02","3.06","3.16","3.2","3.32","3.26","3.32","3.37","","","",
"Senegal","SEN","Commercial bank branches (per 100,000 adults)","FB.CBK.BRCH.P5","","","","","","","","","","","","","","","","","","","","","","","","","","","","","","","","","","","","","","","","","","","","","2.01","2.55","2.96","3.14","3.81","3.99","4.24","4.55","4.79","4.7","4.76","5.1","5.14","5.76","5.6","5.76","5.22","",
"Singapore","SGP","Commercial bank branches (per 100,000 adults)","FB.CBK.BRCH.P5","","","","","","","","","","","","","","","","","","","","","","","","","","","","","","","","","","","","","","","","","","","","","11.46","11.24","10.89","10.45","9.98","9.87","9.83","9.6","9.42","9.11","9.01","8.95","8.68","8.22","8.13","7.82","7.02","",
"Solomon Islands","SLB","Commercial bank branches (per 100,000 adults)","FB.CBK.BRCH.P5","","","","","","","","","","","","","","","","","","","","","","","","","","","","","","","","","","","","","","","","","","","","","7.45","7.98","8.13","7.93","7.73","7.54","4.48","4.04","3.93","3.53","4.01","3.9","4.06","4.22","4.1","3.99","3.88","",
"Sierra Leone","SLE","Commercial bank branches (per 100,000 adults)","FB.CBK.BRCH.P5","","","","","","","","","","","","","","","","","","","","","","","","","","","","","","","","","","","","","","","","","","","","","1.12","1.2","1.34","1.6","2.02","2.45","2.57","2.64","2.65","","","","","","","","","",
"El Salvador","SLV","Commercial bank branches (per 100,000 adults)","FB.CBK.BRCH.P5","","","","","","","","","","","","","","","","","","","","","","","","","","","","","","","","","","","","","","","","","","","","","","","","","","11.66","10.65","11.48","11.06","11.73","11.66","11.46","13.24","14.82","14.92","14.79","14.64","",
"San Marino","SMR","Commercial bank branches (per 100,000 adults)","FB.CBK.BRCH.P5","","","","","","","","","","","","","","","","","","","","","","","","","","","","","","","","","","","","","","","","","","","","","237","258.17","274.83","287.24","283.7","280.26","276.78","258.34","258.72","251.95","238.38","229.03","223.81","189.93","181.18","140.45","133.6","",
"Somalia","SOM","Commercial bank branches (per 100,000 adults)","FB.CBK.BRCH.P5","","","","","","","","","","","","","","","","","","","","","","","","","","","","","","","","","","","","","","","","","","","","","","","","","","","","","","","","","","","","","","",
"Serbia","SRB","Commercial bank branches (per 100,000 adults)","FB.CBK.BRCH.P5","","","","","","","","","","","","","","","","","","","","","","","","","","","","","","","","","","","","","","","","","","","","","22.32","32.06","36.41","40.72","45.51","43.94","41.24","39.75","37.45","33.7","30.4","29.54","29.41","27.92","27.52","27.6","27.31","",
"Sub-Saharan Africa (excluding high income)","SSA","Commercial bank branches (per 100,000 adults)","FB.CBK.BRCH.P5","","","","","","","","","","","","","","","","","","","","","","","","","","","","","","","","","","","","","","","","","","","","","1.49","1.55","1.64","2.045","2.45","2.84","3.38","3.62","3.765","3.88","4.12","4.545","4.36","4.44","4.3","4.44","4.52","",
"South Sudan","SSD","Commercial bank branches (per 100,000 adults)","FB.CBK.BRCH.P5","","","","","","","","","","","","","","","","","","","","","","","","","","","","","","","","","","","","","","","","","","","","","","","","","","0.68","0.73","0.75","0.96","1.47","1.9","1.62","1.65","1.46","1.38","1.41","1.45","",
"Sub-Saharan Africa","SSF","Commercial bank branches (per 100,000 adults)","FB.CBK.BRCH.P5","","","","","","","","","","","","","","","","","","","","","","","","","","","","","","","","","","","","","","","","","","","","","1.49","1.55","1.64","2.045","2.45","2.84","3.38","3.62","3.765","3.88","4.12","4.545","4.36","4.44","4.3","4.44","4.52","",
"Small states","SST","Commercial bank branches (per 100,000 adults)","FB.CBK.BRCH.P5","","","","","","","","","","","","","","","","","","","","","","","","","","","","","","","","","","","","","","","","","","","","","7","6.695","6.85","7.32","7.885","8.005","8.975","8.655","8.96","9.24","8.895","8.61","9.08","7.635","7.45","8.01","7.575","",
"Sao Tome and Principe","STP","Commercial bank branches (per 100,000 adults)","FB.CBK.BRCH.P5","","","","","","","","","","","","","","","","","","","","","","","","","","","","","","","","","","","","","","","","","","","","","","","","","19.67","24.14","28.41","28.73","31.91","32.24","30.72","30.09","25.09","24.51","20.61","","","",
"Suriname","SUR","Commercial bank branches (per 100,000 adults)","FB.CBK.BRCH.P5","","","","","","","","","","","","","","","","","","","","","","","","","","","","","","","","","","","","","","","","","","","","","10.66","10.79","10.61","10.71","10.52","10.62","11.24","11.06","10.89","12.26","12.33","10.92","11.26","11.59","11.68","11.53","11.39","",
"Slovak Republic","SVK","Commercial bank branches (per 100,000 adults)","FB.CBK.BRCH.P5","","","","","","","","","","","","","","","","","","","","","","","","","","","","","","","","","","","","","","","","","","","","","25.22","25.71","26.3","25.96","27.79","26.46","26.29","25.97","26.63","26.89","27.98","28.26","28.25","26.91","25.6","24.81","23.32","",
"Slovenia","SVN","Commercial bank branches (per 100,000 adults)","FB.CBK.BRCH.P5","","","","","","","","","","","","","","","","","","","","","","","","","","","","","","","","","","","","","","","","","","","","","40.97","40.09","39.65","40.22","39.38","39.58","38.76","38.32","38.47","34.43","31.83","31.18","30.63","29.46","27.92","27.47","24.69","",
"Sweden","SWE","Commercial bank branches (per 100,000 adults)","FB.CBK.BRCH.P5","","","","","","","","","","","","","","","","","","","","","","","","","","","","","","","","","","","","","","","","","","","","","23.57","23.52","23.78","23.59","23.95","22.96","22.5","21.7","21.81","21.54","21.11","19.32","17.54","16.17","14.91","16.42","13.8","",
"Eswatini","SWZ","Commercial bank branches (per 100,000 adults)","FB.CBK.BRCH.P5","","","","","","","","","","","","","","","","","","","","","","","","","","","","","","","","","","","","","","","","","","","","","6.17","6.28","6.39","6.32","6.41","6.34","6.44","7.31","7.23","6.99","6.92","8.03","7.32","6.49","6.97","6.58","6.75","",
"Sint Maarten (Dutch part)","SXM","Commercial bank branches (per 100,000 adults)","FB.CBK.BRCH.P5","","","","","","","","","","","","","","","","","","","","","","","","","","","","","","","","","","","","","","","","","","","","","","","","","","","","","","","","","","","","","","",
"Seychelles","SYC","Commercial bank branches (per 100,000 adults)","FB.CBK.BRCH.P5","","","","","","","","","","","","","","","","","","","","","","","","","","","","","","","","","","","","","","","","","","","","","42.36","40.21","40.85","40.45","46.85","46.32","46.18","47.42","48.42","49.02","54.04","54.36","53.72","53.18","51.43","55.07","46.63","",
"Syrian Arab Republic","SYR","Commercial bank branches (per 100,000 adults)","FB.CBK.BRCH.P5","","","","","","","","","","","","","","","","","","","","","","","","","","","","","","","","","","","","","","","","","","","","","2.53","2.68","2.73","2.89","3.1","3.47","3.86","4.1","4.25","4.39","","","","","","","","",
"Turks and Caicos Islands","TCA","Commercial bank branches (per 100,000 adults)","FB.CBK.BRCH.P5","","","","","","","","","","","","","","","","","","","","","","","","","","","","","","","","","","","","","","","","","","","","","","","","","","","","","","","","","","","","","","",
"Chad","TCD","Commercial bank branches (per 100,000 adults)","FB.CBK.BRCH.P5","","","","","","","","","","","","","","","","","","","","","","","","","","","","","","","","","","","","","","","","","","","","","0.38","0.37","0.36","0.36","0.49","0.56","0.62","0.68","0.65","0.88","0.96","0.98","1","0.99","0.94","0.84","0.85","",
"East Asia & Pacific (IDA & IBRD countries)","TEA","Commercial bank branches (per 100,000 adults)","FB.CBK.BRCH.P5","","","","","","","","","","","","","","","","","","","","","","","","","","","","","","","","","","","","","","","","","","","","","7.75","8","5.72","5.97","3.26","3.96","4.12","4.28","6.125","6.325","6.875","7.325","8.025","8.165","8.36","8.58","8.97","",
"Europe & Central Asia (IDA & IBRD countries)","TEC","Commercial bank branches (per 100,000 adults)","FB.CBK.BRCH.P5","","","","","","","","","","","","","","","","","","","","","","","","","","","","","","","","","","","","","","","","","","","","","14.065","14.68","16.42","19.29","23.73","24.01","24.13","24.11","24.65","24.76","24.87","24.69","26.515","26.165","24.865","24.175","23.83","",
"Togo","TGO","Commercial bank branches (per 100,000 adults)","FB.CBK.BRCH.P5","","","","","","","","","","","","","","","","","","","","","","","","","","","","","","","","","","","","","","","","","","","","","1.18","1.21","1.61","2.92","3.85","4.03","4.22","4.45","4.48","4.58","4.91","5.29","5.66","5.59","5.19","5.45","5.53","",
"Thailand","THA","Commercial bank branches (per 100,000 adults)","FB.CBK.BRCH.P5","","","","","","","","","","","","","","","","","","","","","","","","","","","","","","","","","","","","","","","","","","","","","7.75","8.27","9.08","9.69","10.31","10.8","11","11.34","11.68","12.09","12.52","12.53","12.35","11.86","11.7","11.24","10.59","",
"Tajikistan","TJK","Commercial bank branches (per 100,000 adults)","FB.CBK.BRCH.P5","","","","","","","","","","","","","","","","","","","","","","","","","","","","","","","","","","","","","","","","","","","","","4.94","5.06","5.1","5.13","5.38","5.3","5.54","5.83","6.3","6.6","6.8","6.86","6.7","5.01","4.64","4.5","4.53","",
"Turkmenistan","TKM","Commercial bank branches (per 100,000 adults)","FB.CBK.BRCH.P5","","","","","","","","","","","","","","","","","","","","","","","","","","","","","","","","","","","","","","","","","","","","","","","","","","","","","","","","","","","","","","",
"Latin America & the Caribbean (IDA & IBRD countries)","TLA","Commercial bank branches (per 100,000 adults)","FB.CBK.BRCH.P5","","","","","","","","","","","","","","","","","","","","","","","","","","","","","","","","","","","","","","","","","","","","","11.05","11.765","12.025","13.19","13.77","13.4","13.58","13.53","13.22","13.25","13.24","13.26","13.345","13.785","13.675","13.25","12.79","",
"Timor-Leste","TLS","Commercial bank branches (per 100,000 adults)","FB.CBK.BRCH.P5","","","","","","","","","","","","","","","","","","","","","","","","","","","","","","","","","","","","","","","","","","","","","1.12","2","1.95","1.9","1.85","1.8","1.75","3.86","4.2","4.82","4.97","4.97","4.83","5.08","5.96","6.17","5.64","",
"Middle East & North Africa (IDA & IBRD countries)","TMN","Commercial bank branches (per 100,000 adults)","FB.CBK.BRCH.P5","","","","","","","","","","","","","","","","","","","","","","","","","","","","","","","","","","","","","","","","","","","","","8.8","8.87","10.64","10.74","10.69","10.85","11.16","11.14","11.35","11.8","13.55","13.37","14.86","14.42","14.53","14.39","14.09","",
"Tonga","TON","Commercial bank branches (per 100,000 adults)","FB.CBK.BRCH.P5","","","","","","","","","","","","","","","","","","","","","","","","","","","","","","","","","","","","","","","","","","","","","24.22","20.85","20.67","22.03","23.34","21.6","21.51","21.52","20.09","21.78","18.75","31.21","30.96","33.59","33.01","","","",
"South Asia (IDA & IBRD)","TSA","Commercial bank branches (per 100,000 adults)","FB.CBK.BRCH.P5","","","","","","","","","","","","","","","","","","","","","","","","","","","","","","","","","","","","","","","","","","","","","7.355","7.37","7.45","7.575","7.755","7.885","8.02","8.2","8.645","8.835","9.095","9.55","9.95","10.18","10.28","10.41","12.525","",
"Sub-Saharan Africa (IDA & IBRD countries)","TSS","Commercial bank branches (per 100,000 adults)","FB.CBK.BRCH.P5","","","","","","","","","","","","","","","","","","","","","","","","","","","","","","","","","","","","","","","","","","","","","1.49","1.55","1.64","2.045","2.45","2.84","3.38","3.62","3.765","3.88","4.12","4.545","4.36","4.44","4.3","4.44","4.52","",
"Trinidad and Tobago","TTO","Commercial bank branches (per 100,000 adults)","FB.CBK.BRCH.P5","","","","","","","","","","","","","","","","","","","","","","","","","","","","","","","","","","","","","","","","","","","","","12.59","12.44","12.61","12.8","12.8","12.81","13.49","12.55","12.65","12.48","13.24","12.88","12.8","12.09","11.75","11.51","11.17","",
"Tunisia","TUN","Commercial bank branches (per 100,000 adults)","FB.CBK.BRCH.P5","","","","","","","","","","","","","","","","","","","","","","","","","","","","","","","","","","","","","","","","","","","","","11.8","12.1","12.89","13.6","14.32","14.88","16.39","16.86","17.45","18.11","19.24","19.99","20.66","21.7","22.08","22.23","22.31","",
"Turkiye","TUR","Commercial bank branches (per 100,000 adults)","FB.CBK.BRCH.P5","","","","","","","","","","","","","","","","","","","","","","","","","","","","","","","","","","","","","","","","","","","","","","12.94","14.05","15.32","17.16","17.34","17.88","18.23","18.6","19.63","19.59","19.14","18.07","17.32","16.81","16.1","15.44","",
"Tuvalu","TUV","Commercial bank branches (per 100,000 adults)","FB.CBK.BRCH.P5","","","","","","","","","","","","","","","","","","","","","","","","","","","","","","","","","","","","","","","","","","","","","","","","","","","","","","","","","","","","","","",
"Tanzania","TZA","Commercial bank branches (per 100,000 adults)","FB.CBK.BRCH.P5","","","","","","","","","","","","","","","","","","","","","","","","","","","","","","","","","","","","","","","","","","","","","","1.23","1.28","1.55","1.72","1.84","1.86","1.92","2.17","2.52","2.3","","","","","","","",
"Uganda","UGA","Commercial bank branches (per 100,000 adults)","FB.CBK.BRCH.P5","","","","","","","","","","","","","","","","","","","","","","","","","","","","","","","","","","","","","","","","","","","","","1.15","1.21","1.22","1.41","2.08","2.42","2.52","2.45","2.77","2.97","3.05","3.03","2.88","2.67","2.58","2.58","2.45","",
"Ukraine","UKR","Commercial bank branches (per 100,000 adults)","FB.CBK.BRCH.P5","","","","","","","","","","","","","","","","","","","","","","","","","","","","","","","","","","","","","","","","","","","","","3.71","3.86","3.87","3.86","3.74","3.22","2.33","1.6","1.07","0.92","0.77","0.56","0.5","0.45","0.43","0.42","0.41","",
"Upper middle income","UMC","Commercial bank branches (per 100,000 adults)","FB.CBK.BRCH.P5","","","","","","","","","","","","","","","","","","","","","","","","","","","","","","","","","","","","","","","","","","","","","10.84","11.69","12.68","12.95","13.97","13.68","13.79","14.41","13.22","13.25","14.13","13.77","15.155","14.03","13.86","14.06","13.5","",
"Uruguay","URY","Commercial bank branches (per 100,000 adults)","FB.CBK.BRCH.P5","","","","","","","","","","","","","","","","","","","","","","","","","","","","","","","","","","","","","","","","","","","","","12.82","12.78","13.35","13.47","13.57","13.4","13.58","13.53","12.73","12.59","12.22","12","11.45","10.98","10.04","9.84","10.01","",
"United States","USA","Commercial bank branches (per 100,000 adults)","FB.CBK.BRCH.P5","","","","","","","","","","","","","","","","","","","","","","","","","","","","","","","","","","","","","","","","","","","","","32.69","33.28","33.94","34.77","35.16","35.91","35.42","35.15","34.9","33.64","32.42","32.7","32.1","31.21","30.88","30.46","29.69","",
"Uzbekistan","UZB","Commercial bank branches (per 100,000 adults)","FB.CBK.BRCH.P5","","","","","","","","","","","","","","","","","","","","","","","","","","","","","","","","","","","","","","","","","","","","","39.15","40.01","42.33","41.44","40.66","40.28","39.18","45.84","45.32","46.79","43.08","31.06","28.12","38.52","35.92","39.98","42.44","",
"St. Vincent and the Grenadines","VCT","Commercial bank branches (per 100,000 adults)","FB.CBK.BRCH.P5","","","","","","","","","","","","","","","","","","","","","","","","","","","","","","","","","","","","","","","","","","","","","","","","","","21.35","21.17","21.07","20.93","20.76","20.58","20.42","16.69","16.54","16.4","16.27","16.16","",
"Venezuela, RB","VEN","Commercial bank branches (per 100,000 adults)","FB.CBK.BRCH.P5","","","","","","","","","","","","","","","","","","","","","","","","","","","","","","","","","","","","","","","","","","","","","","15.96","16.71","17.61","17.69","18.77","17.58","17.08","17.16","17.06","16.97","16.53","","","","","","",
"British Virgin Islands","VGB","Commercial bank branches (per 100,000 adults)","FB.CBK.BRCH.P5","","","","","","","","","","","","","","","","","","","","","","","","","","","","","","","","","","","","","","","","","","","","","","","","","","","","","","","","","","","","","","",
"Virgin Islands (U.S.)","VIR","Commercial bank branches (per 100,000 adults)","FB.CBK.BRCH.P5","","","","","","","","","","","","","","","","","","","","","","","","","","","","","","","","","","","","","","","","","","","","","","","","","","","","","","","","","","","","","","",
"Vietnam","VNM","Commercial bank branches (per 100,000 adults)","FB.CBK.BRCH.P5","","","","","","","","","","","","","","","","","","","","","","","","","","","","","","","","","","","","","","","","","","","","","","","","","3.26","3.28","3.21","3.54","3.1","3.64","3.83","3.75","3.83","3.45","3.92","3.98","4.01","",
"Vanuatu","VUT","Commercial bank branches (per 100,000 adults)","FB.CBK.BRCH.P5","","","","","","","","","","","","","","","","","","","","","","","","","","","","","","","","","","","","","","","","","","","","","19.59","19.01","19.14","20.81","20.26","19.73","20.56","20.75","22.14","22.17","22.88","21.79","21.17","20.62","20.67","21.22","21.14","",
"World","WLD","Commercial bank branches (per 100,000 adults)","FB.CBK.BRCH.P5","","","","","","","","","","","","","","","","","","","","","","","","","","","","","","","","","","","","","","","","","","","","","9.68","10.56","10.945","11.66","11.49","11.075","10.98","11.41","11.515","11.885","12.22","11.59","12.28","11.68","11.42","11.02","10.78","",
"Samoa","WSM","Commercial bank branches (per 100,000 adults)","FB.CBK.BRCH.P5","","","","","","","","","","","","","","","","","","","","","","","","","","","","","","","","","","","","","","","","","","","","","17.68","18.43","20.95","23.41","23.14","26.41","25.28","18.11","18.8","22.91","24.52","21.96","23.46","23.32","23.97","23.68","24.08","",
"Kosovo","XKX","Commercial bank branches (per 100,000 adults)","FB.CBK.BRCH.P5","","","","","","","","","","","","","","","","","","","","","","","","","","","","","","","","","","","","","","","","","","","","","24.33","24.31","24.12","23.93","23.73","23.54","23.36","23.16","22.9","21.79","20.28","20.35","19.97","16.74","16.16","15.47","15.13","",
"Yemen, Rep.","YEM","Commercial bank branches (per 100,000 adults)","FB.CBK.BRCH.P5","","","","","","","","","","","","","","","","","","","","","","","","","","","","","","","","","","","","","","","","","","","","","1.79","1.89","1.96","2.01","1.99","1.98","1.88","1.79","1.73","1.7","1.68","1.62","","","","","","",
"South Africa","ZAF","Commercial bank branches (per 100,000 adults)","FB.CBK.BRCH.P5","","","","","","","","","","","","","","","","","","","","","","","","","","","","","","","","","","","","","","","","","","","","","4.69","7","7.23","5.88","7.68","9.07","9.77","10.24","9.92","10.07","10.83","10.42","10.13","10.4","10.16","9.59","9.22","",
"Zambia","ZMB","Commercial bank branches (per 100,000 adults)","FB.CBK.BRCH.P5","","","","","","","","","","","","","","","","","","","","","","","","","","","","","","","","","","","","","","","","","","","","","3.03","2.91","2.97","3.26","3.63","3.82","3.96","4.11","4.34","4.58","4.83","4.8","4.81","4.63","3.91","3.29","3.16","",
"Zimbabwe","ZWE","Commercial bank branches (per 100,000 adults)","FB.CBK.BRCH.P5","","","","","","","","","","","","","","","","","","","","","","","","","","","","","","","","","","","","","","","","","","","","","2.88","3.91","3.67","4.09","3.41","4.54","4.8","6.22","12.98","13.71","14.77","6.01","5.82","5.64","5.48","3.75","4.17","",
